,Descriptors,Coeff
1160,1160,0.51
202,202,0.5
935,935,0.45
875,875,0.44
1747,1747,0.41
1920,1920,0.39
1390,1390,0.39
2009,2009,0.36
1263,1263,0.33
1873,1873,0.33
1518,1518,0.33
573,573,0.32
1662,1662,0.31
725,725,0.3
806,806,0.3
1181,1181,0.3
1702,1702,0.29
475,475,0.29
931,931,0.29
160,160,0.29
1683,1683,0.28
1416,1416,0.28
1954,1954,0.28
925,925,0.28
1964,1964,0.27
609,609,0.27
1454,1454,0.27
1192,1192,0.27
560,560,0.27
1854,1854,0.27
1955,1955,0.27
1750,1750,0.27
1793,1793,0.26
689,689,0.26
1637,1637,0.26
561,561,0.25
1107,1107,0.25
92,92,0.25
1010,1010,0.25
860,860,0.25
1152,1152,0.25
1743,1743,0.25
1264,1264,0.25
1235,1235,0.25
756,756,0.24
2025,2025,0.24
830,830,0.24
2011,2011,0.24
1542,1542,0.24
132,132,0.24
58,58,0.24
1132,1132,0.24
1661,1661,0.24
465,465,0.24
1435,1435,0.24
1291,1291,0.24
34,34,0.24
655,655,0.24
1936,1936,0.23
498,498,0.23
703,703,0.23
1848,1848,0.23
992,992,0.23
1493,1493,0.23
1464,1464,0.23
1334,1334,0.23
1284,1284,0.23
1577,1577,0.23
1295,1295,0.23
750,750,0.22
734,734,0.22
736,736,0.22
864,864,0.22
1753,1753,0.22
527,527,0.22
559,559,0.22
1234,1234,0.22
1056,1056,0.22
1413,1413,0.22
384,384,0.21
1285,1285,0.21
648,648,0.21
732,732,0.21
1574,1574,0.21
1918,1918,0.21
989,989,0.21
1380,1380,0.21
211,211,0.21
1279,1279,0.21
242,242,0.21
889,889,0.21
1054,1054,0.21
1756,1756,0.21
1467,1467,0.2
1172,1172,0.2
1697,1697,0.2
1844,1844,0.2
281,281,0.2
1640,1640,0.2
1712,1712,0.2
964,964,0.2
511,511,0.2
2002,2002,0.2
661,661,0.2
1735,1735,0.2
1059,1059,0.2
1912,1912,0.2
704,704,0.2
1803,1803,0.2
1821,1821,0.2
1088,1088,0.2
1504,1504,0.19
1437,1437,0.19
1409,1409,0.19
728,728,0.19
659,659,0.19
1997,1997,0.19
1993,1993,0.19
263,263,0.19
1208,1208,0.19
1127,1127,0.19
1301,1301,0.19
504,504,0.18
1776,1776,0.18
1329,1329,0.18
38,38,0.18
858,858,0.18
1663,1663,0.18
1471,1471,0.18
1879,1879,0.18
1345,1345,0.18
1899,1899,0.18
754,754,0.18
1591,1591,0.18
2044,2044,0.18
216,216,0.18
827,827,0.18
1355,1355,0.18
1907,1907,0.18
1625,1625,0.18
2017,2017,0.18
472,472,0.18
1817,1817,0.18
1032,1032,0.17
1442,1442,0.17
418,418,0.17
1146,1146,0.17
666,666,0.17
1807,1807,0.17
1199,1199,0.17
1061,1061,0.17
586,586,0.17
1901,1901,0.17
1530,1530,0.17
178,178,0.17
1381,1381,0.17
1278,1278,0.17
1405,1405,0.17
1114,1114,0.17
1825,1825,0.17
1357,1357,0.17
358,358,0.17
1352,1352,0.17
956,956,0.17
289,289,0.17
1374,1374,0.17
1617,1617,0.17
346,346,0.17
938,938,0.17
1787,1787,0.16
1098,1098,0.16
1131,1131,0.16
1632,1632,0.16
507,507,0.16
53,53,0.16
596,596,0.16
1785,1785,0.16
494,494,0.16
162,162,0.16
532,532,0.16
396,396,0.16
943,943,0.16
348,348,0.16
1967,1967,0.16
1546,1546,0.16
811,811,0.16
1984,1984,0.16
1052,1052,0.16
1016,1016,0.16
686,686,0.16
79,79,0.16
1124,1124,0.16
672,672,0.16
1583,1583,0.16
76,76,0.16
1806,1806,0.16
641,641,0.16
1159,1159,0.16
1253,1253,0.16
271,271,0.15
1158,1158,0.15
1222,1222,0.15
1647,1647,0.15
1209,1209,0.15
409,409,0.15
119,119,0.15
597,597,0.15
1586,1586,0.15
1671,1671,0.15
851,851,0.15
1371,1371,0.15
906,906,0.15
751,751,0.15
143,143,0.15
1337,1337,0.15
1820,1820,0.15
1874,1874,0.15
1680,1680,0.15
167,167,0.15
1676,1676,0.15
637,637,0.15
574,574,0.15
1578,1578,0.15
318,318,0.14
1063,1063,0.14
746,746,0.14
920,920,0.14
1237,1237,0.14
1245,1245,0.14
1734,1734,0.14
1415,1415,0.14
913,913,0.14
1867,1867,0.14
583,583,0.14
787,787,0.14
1754,1754,0.14
569,569,0.14
304,304,0.14
1281,1281,0.14
1333,1333,0.14
366,366,0.14
1710,1710,0.14
612,612,0.14
712,712,0.14
1302,1302,0.14
627,627,0.14
400,400,0.14
1025,1025,0.14
679,679,0.14
1170,1170,0.14
663,663,0.14
421,421,0.14
441,441,0.14
455,455,0.14
558,558,0.14
1269,1269,0.14
230,230,0.14
121,121,0.14
203,203,0.14
97,97,0.14
1976,1976,0.14
2000,2000,0.14
1991,1991,0.14
191,191,0.14
2039,2039,0.14
83,83,0.14
28,28,0.14
1015,1015,0.13
993,993,0.13
1693,1693,0.13
317,317,0.13
148,148,0.13
723,723,0.13
578,578,0.13
11,11,0.13
1765,1765,0.13
1878,1878,0.13
1510,1510,0.13
1602,1602,0.13
1588,1588,0.13
285,285,0.13
1634,1634,0.13
676,676,0.13
1886,1886,0.13
764,764,0.13
945,945,0.13
101,101,0.13
854,854,0.13
43,43,0.13
1349,1349,0.13
1427,1427,0.13
108,108,0.13
879,879,0.13
1142,1142,0.13
1153,1153,0.13
402,402,0.13
1970,1970,0.13
1190,1190,0.12
1624,1624,0.12
404,404,0.12
1568,1568,0.12
1688,1688,0.12
480,480,0.12
1631,1631,0.12
1533,1533,0.12
506,506,0.12
1074,1074,0.12
1914,1914,0.12
1093,1093,0.12
1527,1527,0.12
521,521,0.12
1049,1049,0.12
1708,1708,0.12
526,526,0.12
197,197,0.12
567,567,0.12
531,531,0.12
557,557,0.12
173,173,0.12
176,176,0.12
255,255,0.12
916,916,0.12
687,687,0.12
909,909,0.12
1862,1862,0.12
1847,1847,0.12
647,647,0.12
131,131,0.12
1382,1382,0.12
848,848,0.12
95,95,0.12
1495,1495,0.12
855,855,0.12
2015,2015,0.12
1391,1391,0.12
876,876,0.12
675,675,0.12
650,650,0.12
1393,1393,0.12
165,165,0.12
1361,1361,0.11
870,870,0.11
1358,1358,0.11
834,834,0.11
835,835,0.11
885,885,0.11
422,422,0.11
859,859,0.11
1451,1451,0.11
1162,1162,0.11
1299,1299,0.11
443,443,0.11
1350,1350,0.11
113,113,0.11
1610,1610,0.11
1000,1000,0.11
911,911,0.11
702,702,0.11
1009,1009,0.11
86,86,0.11
1888,1888,0.11
626,626,0.11
986,986,0.11
1812,1812,0.11
983,983,0.11
155,155,0.11
1306,1306,0.11
1418,1418,0.11
716,716,0.11
1383,1383,0.11
1835,1835,0.11
1068,1068,0.11
1070,1070,0.11
541,541,0.11
991,991,0.11
199,199,0.11
117,117,0.11
1950,1950,0.11
10,10,0.11
1748,1748,0.11
250,250,0.11
1478,1478,0.11
1958,1958,0.11
2042,2042,0.11
18,18,0.11
1473,1473,0.11
1212,1212,0.11
1486,1486,0.11
359,359,0.11
1772,1772,0.11
1622,1622,0.1
2037,2037,0.1
668,668,0.1
1988,1988,0.1
1445,1445,0.1
1823,1823,0.1
1101,1101,0.1
1003,1003,0.1
1999,1999,0.1
1718,1718,0.1
212,212,0.1
711,711,0.1
1303,1303,0.1
1686,1686,0.1
1731,1731,0.1
1007,1007,0.1
1310,1310,0.1
1545,1545,0.1
47,47,0.1
575,575,0.1
1644,1644,0.1
1079,1079,0.1
582,582,0.1
1320,1320,0.1
605,605,0.1
1305,1305,0.1
1462,1462,0.1
1189,1189,0.1
2024,2024,0.1
1268,1268,0.1
352,352,0.1
353,353,0.1
1584,1584,0.1
1332,1332,0.1
1917,1917,0.1
102,102,0.1
815,815,0.1
1490,1490,0.1
1258,1258,0.1
1692,1692,0.1
107,107,0.1
1667,1667,0.1
793,793,0.1
791,791,0.1
129,129,0.1
1983,1983,0.1
29,29,0.1
850,850,0.1
383,383,0.1
386,386,0.1
1157,1157,0.1
758,758,0.1
1179,1179,0.1
1178,1178,0.1
36,36,0.1
415,415,0.1
1963,1963,0.1
1270,1270,0.1
824,824,0.1
1719,1719,0.1
70,70,0.09
1752,1752,0.09
867,867,0.09
1576,1576,0.09
1417,1417,0.09
1972,1972,0.09
846,846,0.09
1203,1203,0.09
1800,1800,0.09
66,66,0.09
209,209,0.09
267,267,0.09
1064,1064,0.09
23,23,0.09
819,819,0.09
957,957,0.09
816,816,0.09
784,784,0.09
724,724,0.09
960,960,0.09
961,961,0.09
1339,1339,0.09
1517,1517,0.09
1231,1231,0.09
700,700,0.09
306,306,0.09
1227,1227,0.09
1868,1868,0.09
283,283,0.09
1715,1715,0.09
1023,1023,0.09
1221,1221,0.09
168,168,0.09
658,658,0.09
322,322,0.09
1248,1248,0.09
1251,1251,0.09
910,910,0.09
1659,1659,0.09
293,293,0.09
1017,1017,0.09
1347,1347,0.09
809,809,0.09
1182,1182,0.09
1916,1916,0.09
221,221,0.09
40,40,0.09
430,430,0.09
2034,2034,0.09
1499,1499,0.09
25,25,0.09
1926,1926,0.09
412,412,0.09
411,411,0.09
1937,1937,0.09
371,371,0.09
1287,1287,0.09
35,35,0.09
1982,1982,0.09
1183,1183,0.09
395,395,0.09
1224,1224,0.08
91,91,0.08
690,690,0.08
1318,1318,0.08
984,984,0.08
1039,1039,0.08
187,187,0.08
1932,1932,0.08
1439,1439,0.08
603,603,0.08
1408,1408,0.08
1220,1220,0.08
327,327,0.08
607,607,0.08
635,635,0.08
1282,1282,0.08
1567,1567,0.08
1020,1020,0.08
617,617,0.08
977,977,0.08
1012,1012,0.08
450,450,0.08
713,713,0.08
2021,2021,0.08
789,789,0.08
1855,1855,0.08
27,27,0.08
1975,1975,0.08
853,853,0.08
1858,1858,0.08
1853,1853,0.08
1669,1669,0.08
894,894,0.08
821,821,0.08
229,229,0.08
1670,1670,0.08
2045,2045,0.08
103,103,0.08
156,156,0.08
930,930,0.08
1779,1779,0.08
369,369,0.08
419,419,0.08
743,743,0.08
1246,1246,0.08
1694,1694,0.08
1559,1559,0.08
1784,1784,0.08
474,474,0.08
1695,1695,0.08
966,966,0.08
24,24,0.08
1626,1626,0.08
1896,1896,0.08
529,529,0.08
57,57,0.08
1607,1607,0.08
1980,1980,0.08
1096,1096,0.08
488,488,0.08
486,486,0.08
1946,1946,0.08
1501,1501,0.08
1109,1109,0.08
50,50,0.08
497,497,0.08
535,535,0.08
624,624,0.07
476,476,0.07
1075,1075,0.07
927,927,0.07
1111,1111,0.07
1589,1589,0.07
1014,1014,0.07
257,257,0.07
942,942,0.07
2033,2033,0.07
1841,1841,0.07
100,100,0.07
324,324,0.07
328,328,0.07
1987,1987,0.07
741,741,0.07
1436,1436,0.07
656,656,0.07
1931,1931,0.07
1138,1138,0.07
90,90,0.07
1230,1230,0.07
14,14,0.07
1086,1086,0.07
1929,1929,0.07
652,652,0.07
141,141,0.07
1682,1682,0.07
1338,1338,0.07
1148,1148,0.07
731,731,0.07
2007,2007,0.07
1928,1928,0.07
786,786,0.07
779,779,0.07
377,377,0.07
893,893,0.07
510,510,0.07
1205,1205,0.07
64,64,0.07
884,884,0.07
54,54,0.07
1594,1594,0.07
2046,2046,0.07
1489,1489,0.07
1033,1033,0.07
1455,1455,0.07
375,375,0.07
1271,1271,0.07
2010,2010,0.07
887,887,0.07
265,265,0.07
1440,1440,0.07
1554,1554,0.07
1690,1690,0.07
602,602,0.07
1480,1480,0.06
158,158,0.06
722,722,0.06
1144,1144,0.06
437,437,0.06
1266,1266,0.06
839,839,0.06
1177,1177,0.06
30,30,0.06
499,499,0.06
213,213,0.06
154,154,0.06
1385,1385,0.06
852,852,0.06
534,534,0.06
205,205,0.06
1233,1233,0.06
1538,1538,0.06
425,425,0.06
111,111,0.06
1094,1094,0.06
774,774,0.06
518,518,0.06
1155,1155,0.06
1519,1519,0.06
1522,1522,0.06
416,416,0.06
405,405,0.06
802,802,0.06
136,136,0.06
1649,1649,0.06
1871,1871,0.06
398,398,0.06
249,249,0.06
397,397,0.06
901,901,0.06
828,828,0.06
739,739,0.06
1344,1344,0.06
1700,1700,0.06
891,891,0.06
1884,1884,0.06
1905,1905,0.06
1877,1877,0.06
581,581,0.06
461,461,0.06
544,544,0.06
447,447,0.06
1541,1541,0.06
1746,1746,0.06
1816,1816,0.06
220,220,0.06
664,664,0.06
589,589,0.06
336,336,0.06
87,87,0.06
1766,1766,0.06
192,192,0.06
1218,1218,0.06
1547,1547,0.06
556,556,0.06
628,628,0.06
48,48,0.06
219,219,0.06
629,629,0.06
22,22,0.06
1118,1118,0.06
1909,1909,0.06
1422,1422,0.06
1566,1566,0.06
1119,1119,0.06
329,329,0.06
469,469,0.06
1572,1572,0.05
1866,1866,0.05
792,792,0.05
345,345,0.05
513,513,0.05
1774,1774,0.05
1580,1580,0.05
485,485,0.05
944,944,0.05
484,484,0.05
936,936,0.05
775,775,0.05
1839,1839,0.05
240,240,0.05
516,516,0.05
241,241,0.05
1369,1369,0.05
866,866,0.05
568,568,0.05
1668,1668,0.05
262,262,0.05
1678,1678,0.05
1419,1419,0.05
389,389,0.05
390,390,0.05
341,341,0.05
841,841,0.05
468,468,0.05
1529,1529,0.05
198,198,0.05
896,896,0.05
795,795,0.05
1940,1940,0.05
1850,1850,0.05
1321,1321,0.05
905,905,0.05
399,399,0.05
1095,1095,0.05
1505,1505,0.05
1062,1062,0.05
520,520,0.05
1185,1185,0.05
1595,1595,0.05
1600,1600,0.05
755,755,0.05
349,349,0.05
1134,1134,0.05
2006,2006,0.05
1978,1978,0.05
726,726,0.05
997,997,0.05
545,545,0.05
171,171,0.05
1336,1336,0.05
528,528,0.05
968,968,0.05
166,166,0.05
445,445,0.05
698,698,0.05
974,974,0.05
1822,1822,0.05
1296,1296,0.05
1945,1945,0.05
1394,1394,0.05
1229,1229,0.05
542,542,0.05
1139,1139,0.05
674,674,0.05
310,310,0.05
537,537,0.05
1797,1797,0.05
1477,1477,0.05
771,771,0.05
735,735,0.05
142,142,0.05
740,740,0.05
2022,2022,0.05
1008,1008,0.05
1150,1150,0.05
1788,1788,0.05
273,273,0.04
1469,1469,0.04
533,533,0.04
825,825,0.04
1141,1141,0.04
614,614,0.04
269,269,0.04
1433,1433,0.04
5,5,0.04
665,665,0.04
1466,1466,0.04
590,590,0.04
836,836,0.04
286,286,0.04
31,31,0.04
1140,1140,0.04
1341,1341,0.04
763,763,0.04
1604,1604,0.04
1989,1989,0.04
354,354,0.04
1895,1895,0.04
1691,1691,0.04
1872,1872,0.04
1947,1947,0.04
1304,1304,0.04
379,379,0.04
236,236,0.04
701,701,0.04
769,769,0.04
185,185,0.04
1511,1511,0.04
646,646,0.04
727,727,0.04
1769,1769,0.04
460,460,0.04
616,616,0.04
39,39,0.04
1524,1524,0.04
1087,1087,0.04
144,144,0.04
1721,1721,0.04
707,707,0.04
917,917,0.04
1411,1411,0.04
428,428,0.04
752,752,0.04
1650,1650,0.04
1532,1532,0.04
1325,1325,0.04
1960,1960,0.04
1620,1620,0.04
1934,1934,0.04
1544,1544,0.04
594,594,0.04
459,459,0.04
104,104,0.03
1799,1799,0.03
2,2,0.03
1123,1123,0.03
1845,1845,0.03
987,987,0.03
946,946,0.03
1193,1193,0.03
1051,1051,0.03
1164,1164,0.03
1108,1108,0.03
1831,1831,0.03
934,934,0.03
89,89,0.03
1852,1852,0.03
2014,2014,0.03
1565,1565,0.03
1736,1736,0.03
1120,1120,0.03
78,78,0.03
1316,1316,0.03
1261,1261,0.03
1377,1377,0.03
210,210,0.03
247,247,0.03
308,308,0.03
193,193,0.03
1475,1475,0.03
194,194,0.03
1992,1992,0.03
483,483,0.03
553,553,0.03
1553,1553,0.03
1461,1461,0.03
645,645,0.03
745,745,0.03
234,234,0.03
373,373,0.03
378,378,0.03
1555,1555,0.03
138,138,0.03
539,539,0.03
382,382,0.03
1985,1985,0.03
1939,1939,0.03
1379,1379,0.03
831,831,0.03
393,393,0.03
501,501,0.03
1726,1726,0.03
1428,1428,0.03
208,208,0.03
693,693,0.03
595,595,0.03
1860,1860,0.03
1898,1898,0.03
1882,1882,0.03
264,264,0.03
295,295,0.03
1856,1856,0.03
1601,1601,0.03
1395,1395,0.03
861,861,0.03
1293,1293,0.02
88,88,0.02
1885,1885,0.02
406,406,0.02
1450,1450,0.02
59,59,0.02
1870,1870,0.02
2008,2008,0.02
530,530,0.02
433,433,0.02
947,947,0.02
1027,1027,0.02
555,555,0.02
863,863,0.02
1078,1078,0.02
495,495,0.02
976,976,0.02
500,500,0.02
696,696,0.02
1387,1387,0.02
502,502,0.02
94,94,0.02
391,391,0.02
708,708,0.02
46,46,0.02
490,490,0.02
710,710,0.02
152,152,0.02
1115,1115,0.02
688,688,0.02
1704,1704,0.02
721,721,0.02
1782,1782,0.02
1745,1745,0.02
99,99,0.02
808,808,0.02
633,633,0.02
1420,1420,0.02
1770,1770,0.02
1551,1551,0.02
1496,1496,0.02
124,124,0.02
1520,1520,0.02
1038,1038,0.02
888,888,0.02
886,886,0.02
290,290,0.02
1859,1859,0.02
847,847,0.02
1247,1247,0.02
856,856,0.02
282,282,0.02
598,598,0.02
1521,1521,0.02
258,258,0.02
765,765,0.02
1709,1709,0.02
562,562,0.02
1571,1571,0.02
133,133,0.02
1180,1180,0.02
1531,1531,0.02
785,785,0.02
69,69,0.02
65,65,0.02
1375,1375,0.02
1664,1664,0.02
385,385,0.02
174,174,0.02
387,387,0.02
1903,1903,0.02
1195,1195,0.02
361,361,0.02
912,912,0.02
67,67,0.02
200,200,0.01
1030,1030,0.01
1069,1069,0.01
201,201,0.01
1076,1076,0.01
587,587,0.01
1528,1528,0.01
1317,1317,0.01
1801,1801,0.01
1053,1053,0.01
865,865,0.01
1307,1307,0.01
314,314,0.01
1206,1206,0.01
1470,1470,0.01
1217,1217,0.01
244,244,0.01
1957,1957,0.01
315,315,0.01
1225,1225,0.01
1089,1089,0.01
2041,2041,0.01
1244,1244,0.01
1749,1749,0.01
1488,1488,0.01
1968,1968,0.01
1492,1492,0.01
1468,1468,0.01
1949,1949,0.01
238,238,0.01
362,362,0.01
1646,1646,0.01
1187,1187,0.01
1186,1186,0.01
376,376,0.01
1173,1173,0.01
424,424,0.01
432,432,0.01
434,434,0.01
444,444,0.01
1648,1648,0.01
473,473,0.01
1789,1789,0.01
1099,1099,0.01
1813,1813,0.01
634,634,0.01
950,950,0.01
1857,1857,0.01
1657,1657,0.01
1630,1630,0.01
1891,1891,0.01
1351,1351,0.01
895,895,0.01
817,817,0.01
812,812,0.01
1990,1990,0.01
677,677,0.01
804,804,0.01
982,982,0.01
803,803,0.01
1727,1727,0.01
1730,1730,0.01
1372,1372,0.01
777,777,0.01
928,928,0.01
767,767,0.01
1837,1837,0.01
639,639,0.01
951,951,0.01
619,619,0.01
1018,1018,0.01
114,114,0.01
2013,2013,0.01
115,115,0.01
356,356,0.0
1286,1286,-0.0
1902,1902,0.0
1666,1666,0.0
1319,1319,-0.0
1430,1430,-0.0
615,615,-0.0
683,683,0.0
1717,1717,0.0
1443,1443,-0.0
585,585,-0.0
1506,1506,0.0
106,106,0.0
768,768,-0.0
969,969,-0.0
1104,1104,-0.0
363,363,-0.0
1191,1191,0.0
1615,1615,0.0
1367,1367,-0.0
49,49,-0.0
392,392,0.0
2036,2036,0.0
924,924,-0.0
1833,1833,-0.0
1927,1927,-0.0
1167,1167,0.0
1609,1609,0.0
1915,1915,-0.0
2031,2031,-0.0
536,536,-0.0
1452,1452,0.0
429,429,0.0
952,952,-0.0
1402,1402,0.0
1762,1762,-0.0
1623,1623,-0.0
1781,1781,-0.0
1969,1969,-0.0
890,890,0.0
1550,1550,-0.0
305,305,-0.0
1698,1698,0.0
1447,1447,-0.0
1133,1133,-0.0
309,309,0.0
1407,1407,0.0
226,226,0.0
1216,1216,0.0
1081,1081,-0.0
1889,1889,-0.0
330,330,0.0
16,16,0.0
903,903,-0.0
621,621,-0.0
1849,1849,0.0
1421,1421,0.0
1612,1612,-0.0
1324,1324,-0.0
940,940,-0.01
1938,1938,-0.01
1537,1537,-0.01
1869,1869,-0.01
1156,1156,-0.01
1376,1376,-0.01
140,140,-0.01
1658,1658,-0.01
1342,1342,-0.01
1359,1359,-0.01
1243,1243,-0.01
1242,1242,-0.01
1758,1758,-0.01
248,248,-0.01
874,874,-0.01
1642,1642,-0.01
313,313,-0.01
253,253,-0.01
826,826,-0.01
820,820,-0.01
813,813,-0.01
332,332,-0.01
125,125,-0.01
805,805,-0.01
801,801,-0.01
3,3,-0.01
374,374,-0.01
1971,1971,-0.01
1373,1373,-0.01
259,259,-0.01
1941,1941,-0.01
335,335,-0.01
600,600,-0.01
1536,1536,-0.01
651,651,-0.01
1432,1432,-0.01
699,699,-0.01
695,695,-0.01
1388,1388,-0.01
692,692,-0.01
503,503,-0.01
512,512,-0.01
525,525,-0.01
1448,1448,-0.01
549,549,-0.01
1740,1740,-0.01
1071,1071,-0.01
1890,1890,-0.01
1066,1066,-0.01
718,718,-0.01
1327,1327,-0.01
1002,1002,-0.01
642,642,-0.01
1904,1904,-0.01
565,565,-0.01
638,638,-0.01
1894,1894,-0.01
1047,1047,-0.01
1805,1805,-0.01
1808,1808,-0.01
613,613,-0.01
592,592,-0.01
1022,1022,-0.01
1876,1876,-0.01
163,163,-0.01
1116,1116,-0.01
1742,1742,-0.01
45,45,-0.01
1117,1117,-0.01
1129,1129,-0.01
452,452,-0.01
733,733,-0.01
456,456,-0.01
1446,1446,-0.01
719,719,-0.01
953,953,-0.01
1933,1933,-0.01
1755,1755,-0.02
1255,1255,-0.02
137,137,-0.02
1834,1834,-0.02
123,123,-0.02
1130,1130,-0.02
757,757,-0.02
1598,1598,-0.02
303,303,-0.02
580,580,-0.02
13,13,-0.02
1005,1005,-0.02
4,4,-0.02
1986,1986,-0.02
297,297,-0.02
742,742,-0.02
1045,1045,-0.02
1241,1241,-0.02
1404,1404,-0.02
1549,1549,-0.02
71,71,-0.02
837,837,-0.02
842,842,-0.02
849,849,-0.02
1249,1249,-0.02
1977,1977,-0.02
280,280,-0.02
120,120,-0.02
1137,1137,-0.02
552,552,-0.02
995,995,-0.02
897,897,-0.02
1335,1335,-0.02
729,729,-0.02
1587,1587,-0.02
1196,1196,-0.02
1288,1288,-0.02
776,776,-0.02
800,800,-0.02
967,967,-0.02
1722,1722,-0.02
457,457,-0.02
1188,1188,-0.02
788,788,-0.02
214,214,-0.02
1590,1590,-0.02
215,215,-0.02
217,217,-0.02
1677,1677,-0.02
466,466,-0.02
1198,1198,-0.02
1067,1067,-0.02
1707,1707,-0.02
810,810,-0.02
1399,1399,-0.02
1169,1169,-0.02
814,814,-0.02
1998,1998,-0.02
990,990,-0.02
170,170,-0.02
1952,1952,-0.02
1434,1434,-0.03
1323,1323,-0.03
1423,1423,-0.03
1410,1410,-0.03
1672,1672,-0.03
1523,1523,-0.03
1711,1711,-0.03
1689,1689,-0.03
1340,1340,-0.03
1453,1453,-0.03
1540,1540,-0.03
1438,1438,-0.03
1503,1503,-0.03
1429,1429,-0.03
1274,1274,-0.03
1276,1276,-0.03
818,818,-0.03
761,761,-0.03
631,631,-0.03
360,360,-0.03
357,357,-0.03
576,576,-0.03
338,338,-0.03
869,869,-0.03
599,599,-0.03
302,302,-0.03
880,880,-0.03
829,829,-0.03
1961,1961,-0.03
292,292,-0.03
1965,1965,-0.03
515,515,-0.03
266,266,-0.03
878,878,-0.03
1001,1001,-0.03
807,807,-0.03
958,958,-0.03
482,482,-0.03
481,481,-0.03
902,902,-0.03
1843,1843,-0.03
1923,1923,-0.03
1851,1851,-0.03
435,435,-0.03
407,407,-0.03
1832,1832,-0.03
427,427,-0.03
971,971,-0.03
973,973,-0.03
1826,1826,-0.03
423,423,-0.03
1974,1974,-0.03
278,278,-0.03
225,225,-0.03
1175,1175,-0.03
122,122,-0.03
1629,1629,-0.03
1207,1207,-0.03
720,720,-0.03
77,77,-0.03
72,72,-0.03
1654,1654,-0.03
1767,1767,-0.03
744,744,-0.03
770,770,-0.03
766,766,-0.03
1759,1759,-0.03
762,762,-0.03
17,17,-0.03
1260,1260,-0.03
636,636,-0.03
1919,1919,-0.03
186,186,-0.03
2005,2005,-0.03
149,149,-0.03
1110,1110,-0.03
218,218,-0.03
1628,1628,-0.03
195,195,-0.03
2003,2003,-0.03
190,190,-0.03
188,188,-0.03
797,797,-0.03
667,667,-0.04
522,522,-0.04
657,657,-0.04
662,662,-0.04
618,618,-0.04
551,551,-0.04
1414,1414,-0.04
523,523,-0.04
546,546,-0.04
577,577,-0.04
1881,1881,-0.04
680,680,-0.04
1406,1406,-0.04
477,477,-0.04
233,233,-0.04
2038,2038,-0.04
2035,2035,-0.04
55,55,-0.04
2030,2030,-0.04
68,68,-0.04
82,82,-0.04
116,116,-0.04
134,134,-0.04
1681,1681,-0.04
180,180,-0.04
1687,1687,-0.04
206,206,-0.04
223,223,-0.04
1482,1482,-0.04
464,464,-0.04
307,307,-0.04
319,319,-0.04
1951,1951,-0.04
334,334,-0.04
337,337,-0.04
347,347,-0.04
1552,1552,-0.04
747,747,-0.04
388,388,-0.04
401,401,-0.04
1935,1935,-0.04
1449,1449,-0.04
440,440,-0.04
1944,1944,-0.04
772,772,-0.04
760,760,-0.04
1072,1072,-0.04
1300,1300,-0.04
1112,1112,-0.04
1791,1791,-0.04
840,840,-0.04
872,872,-0.04
1824,1824,-0.04
873,873,-0.04
877,877,-0.04
1795,1795,-0.04
1563,1563,-0.04
1362,1362,-0.04
1311,1311,-0.04
883,883,-0.04
1057,1057,-0.04
907,907,-0.04
919,919,-0.04
1732,1732,-0.04
1842,1842,-0.04
959,959,-0.04
981,981,-0.04
1121,1121,-0.04
1331,1331,-0.04
1232,1232,-0.04
1783,1783,-0.04
799,799,-0.04
1210,1210,-0.04
1184,1184,-0.04
1168,1168,-0.04
1863,1863,-0.04
1865,1865,-0.04
355,355,-0.05
1581,1581,-0.05
2040,2040,-0.05
1044,1044,-0.05
1040,1040,-0.05
1679,1679,-0.05
1811,1811,-0.05
351,351,-0.05
1013,1013,-0.05
1457,1457,-0.05
21,21,-0.05
33,33,-0.05
1472,1472,-0.05
773,773,-0.05
370,370,-0.05
420,420,-0.05
1006,1006,-0.05
1252,1252,-0.05
1294,1294,-0.05
326,326,-0.05
1494,1494,-0.05
181,181,-0.05
182,182,-0.05
1786,1786,-0.05
1995,1995,-0.05
1163,1163,-0.05
1165,1165,-0.05
2019,2019,-0.05
96,96,-0.05
1055,1055,-0.05
1214,1214,-0.05
2026,2026,-0.05
1219,1219,-0.05
1618,1618,-0.05
1228,1228,-0.05
1738,1738,-0.05
301,301,-0.05
246,246,-0.05
1267,1267,-0.05
965,965,-0.05
1913,1913,-0.05
1720,1720,-0.05
671,671,-0.05
622,622,-0.05
892,892,-0.05
796,796,-0.05
547,547,-0.05
1908,1908,-0.05
1713,1713,-0.05
1366,1366,-0.05
571,571,-0.05
1400,1400,-0.05
1900,1900,-0.05
593,593,-0.05
1893,1893,-0.05
438,438,-0.05
640,640,-0.05
601,601,-0.05
604,604,-0.05
632,632,-0.05
681,681,-0.05
1887,1887,-0.05
517,517,-0.05
449,449,-0.05
929,929,-0.05
915,915,-0.05
918,918,-0.05
471,471,-0.05
462,462,-0.05
694,694,-0.05
1275,1275,-0.06
1880,1880,-0.06
781,781,-0.06
32,32,-0.06
26,26,-0.06
730,730,-0.06
1254,1254,-0.06
1145,1145,-0.06
1751,1751,-0.06
1386,1386,-0.06
1174,1174,-0.06
654,654,-0.06
74,74,-0.06
139,139,-0.06
128,128,-0.06
1197,1197,-0.06
685,685,-0.06
1773,1773,-0.06
63,63,-0.06
684,684,-0.06
1204,1204,-0.06
1215,1215,-0.06
1135,1135,-0.06
1792,1792,-0.06
1573,1573,-0.06
311,311,-0.06
320,320,-0.06
325,325,-0.06
1608,1608,-0.06
1036,1036,-0.06
478,478,-0.06
921,921,-0.06
1034,1034,-0.06
364,364,-0.06
368,368,-0.06
1924,1924,-0.06
1814,1814,-0.06
1674,1674,-0.06
954,954,-0.06
994,994,-0.06
417,417,-0.06
1476,1476,-0.06
1050,1050,-0.06
277,277,-0.06
1348,1348,-0.06
838,838,-0.06
204,204,-0.06
611,611,-0.06
1102,1102,-0.06
243,243,-0.06
1794,1794,-0.06
268,268,-0.06
1031,1031,-0.06
1741,1741,-0.06
287,287,-0.06
1804,1804,-0.06
1643,1643,-0.06
538,538,-0.06
524,524,-0.06
1603,1603,-0.07
1596,1596,-0.07
1653,1653,-0.07
2047,2047,-0.07
1526,1526,-0.07
1790,1790,-0.07
1097,1097,-0.07
1041,1041,-0.07
1011,1011,-0.07
975,975,-0.07
908,908,-0.07
832,832,-0.07
822,822,-0.07
798,798,-0.07
778,778,-0.07
644,644,-0.07
623,623,-0.07
508,508,-0.07
413,413,-0.07
372,372,-0.07
367,367,-0.07
365,365,-0.07
291,291,-0.07
161,161,-0.07
2004,2004,-0.07
84,84,-0.07
2027,2027,-0.07
1105,1105,-0.07
1638,1638,-0.07
1353,1353,-0.07
1498,1498,-0.07
1401,1401,-0.07
1384,1384,-0.07
1356,1356,-0.07
1465,1465,-0.07
1354,1354,-0.07
1699,1699,-0.07
1481,1481,-0.07
1703,1703,-0.07
1298,1298,-0.07
1627,1627,-0.08
1508,1508,-0.08
505,505,-0.08
491,491,-0.08
470,470,-0.08
1921,1921,-0.08
446,446,-0.08
20,20,-0.08
1458,1458,-0.08
41,41,-0.08
1459,1459,-0.08
1463,1463,-0.08
80,80,-0.08
98,98,-0.08
1675,1675,-0.08
340,340,-0.08
300,300,-0.08
509,509,-0.08
272,272,-0.08
1979,1979,-0.08
224,224,-0.08
189,189,-0.08
1994,1994,-0.08
570,570,-0.08
922,922,-0.08
543,543,-0.08
1171,1171,-0.08
1778,1778,-0.08
1122,1122,-0.08
1200,1200,-0.08
1292,1292,-0.08
1100,1100,-0.08
1091,1091,-0.08
1090,1090,-0.08
1073,1073,-0.08
1048,1048,-0.08
1326,1326,-0.08
1026,1026,-0.08
1815,1815,-0.08
1330,1330,-0.08
1004,1004,-0.08
1836,1836,-0.08
1513,1513,-0.08
1861,1861,-0.08
1724,1724,-0.08
738,738,-0.08
1424,1424,-0.08
606,606,-0.08
591,591,-0.08
584,584,-0.08
1829,1829,-0.09
1962,1962,-0.09
1959,1959,-0.09
1725,1725,-0.09
1775,1775,-0.09
0,0,-0.09
1636,1636,-0.09
260,260,-0.09
489,489,-0.09
436,436,-0.09
410,410,-0.09
1441,1441,-0.09
288,288,-0.09
261,261,-0.09
237,237,-0.09
1558,1558,-0.09
1507,1507,-0.09
235,235,-0.09
232,232,-0.09
1515,1515,-0.09
1534,1534,-0.09
1539,1539,-0.09
1389,1389,-0.09
1368,1368,-0.09
563,563,-0.09
566,566,-0.09
670,670,-0.09
709,709,-0.09
782,782,-0.09
1265,1265,-0.09
1262,1262,-0.09
904,904,-0.09
962,962,-0.09
1213,1213,-0.09
1028,1028,-0.09
1029,1029,-0.09
1151,1151,-0.09
1147,1147,-0.09
1092,1092,-0.09
196,196,-0.09
1113,1113,-0.09
1597,1597,-0.09
52,52,-0.09
1579,1579,-0.09
1561,1561,-0.09
127,127,-0.09
37,37,-0.09
862,862,-0.1
73,73,-0.1
118,118,-0.1
857,857,-0.1
431,431,-0.1
1906,1906,-0.1
62,62,-0.1
1403,1403,-0.1
394,394,-0.1
1840,1840,-0.1
868,868,-0.1
112,112,-0.1
1864,1864,-0.1
1308,1308,-0.1
1273,1273,-0.1
564,564,-0.1
1280,1280,-0.1
790,790,-0.1
630,630,-0.1
1673,1673,-0.1
669,669,-0.1
759,759,-0.1
749,749,-0.1
1313,1313,-0.1
748,748,-0.1
339,339,-0.1
2028,2028,-0.1
150,150,-0.1
1582,1582,-0.1
1525,1525,-0.1
1058,1058,-0.1
1514,1514,-0.1
1043,1043,-0.1
1777,1777,-0.1
42,42,-0.1
1019,1019,-0.1
1981,1981,-0.1
245,245,-0.1
1211,1211,-0.1
1819,1819,-0.1
1484,1484,-0.1
312,312,-0.1
1444,1444,-0.1
323,323,-0.1
979,979,-0.1
1830,1830,-0.1
294,294,-0.1
985,985,-0.1
2023,2023,-0.1
899,899,-0.11
1277,1277,-0.11
1763,1763,-0.11
56,56,-0.11
75,75,-0.11
955,955,-0.11
1143,1143,-0.11
1606,1606,-0.11
1798,1798,-0.11
1796,1796,-0.11
1084,1084,-0.11
15,15,-0.11
179,179,-0.11
1701,1701,-0.11
1509,1509,-0.11
1953,1953,-0.11
1705,1705,-0.11
1875,1875,-0.11
1956,1956,-0.11
153,153,-0.11
1575,1575,-0.11
1685,1685,-0.11
1103,1103,-0.11
159,159,-0.11
1516,1516,-0.11
177,177,-0.11
228,228,-0.11
1543,1543,-0.11
1560,1560,-0.11
333,333,-0.11
653,653,-0.11
1370,1370,-0.11
678,678,-0.11
110,110,-0.11
1723,1723,-0.11
1360,1360,-0.11
493,493,-0.11
1363,1363,-0.11
682,682,-0.11
442,442,-0.11
109,109,-0.12
19,19,-0.12
1080,1080,-0.12
579,579,-0.12
706,706,-0.12
1077,1077,-0.12
169,169,-0.12
183,183,-0.12
145,145,-0.12
1,1,-0.12
157,157,-0.12
923,923,-0.12
2001,2001,-0.12
1818,1818,-0.12
254,254,-0.12
275,275,-0.12
996,996,-0.12
823,823,-0.12
2012,2012,-0.12
467,467,-0.12
350,350,-0.12
926,926,-0.12
717,717,-0.12
933,933,-0.12
1412,1412,-0.12
1485,1485,-0.12
1176,1176,-0.12
1652,1652,-0.12
1201,1201,-0.12
1309,1309,-0.12
1771,1771,-0.12
1757,1757,-0.12
1696,1696,-0.12
1764,1764,-0.12
1136,1136,-0.12
1250,1250,-0.12
1396,1396,-0.12
1474,1474,-0.12
1614,1614,-0.12
1238,1238,-0.13
274,274,-0.13
270,270,-0.13
2016,2016,-0.13
105,105,-0.13
487,487,-0.13
1290,1290,-0.13
1827,1827,-0.13
1569,1569,-0.13
164,164,-0.13
1760,1760,-0.13
1973,1973,-0.13
1846,1846,-0.13
1556,1556,-0.13
783,783,-0.13
882,882,-0.13
1502,1502,-0.13
1256,1256,-0.13
1259,1259,-0.13
845,845,-0.13
697,697,-0.13
2020,2020,-0.13
978,978,-0.13
1021,1021,-0.13
12,12,-0.13
1065,1065,-0.13
1060,1060,-0.13
572,572,-0.13
408,408,-0.13
643,643,-0.13
1194,1194,-0.13
1512,1512,-0.13
331,331,-0.13
81,81,-0.13
316,316,-0.13
85,85,-0.13
231,231,-0.13
276,276,-0.14
1716,1716,-0.14
1922,1922,-0.14
1930,1930,-0.14
1365,1365,-0.14
1497,1497,-0.14
1364,1364,-0.14
299,299,-0.14
414,414,-0.14
1706,1706,-0.14
252,252,-0.14
1744,1744,-0.14
1728,1728,-0.14
1479,1479,-0.14
1897,1897,-0.14
381,381,-0.14
588,588,-0.14
881,881,-0.14
844,844,-0.14
941,941,-0.14
61,61,-0.14
51,51,-0.14
1042,1042,-0.14
1605,1605,-0.14
980,980,-0.14
1828,1828,-0.14
972,972,-0.14
1161,1161,-0.14
2018,2018,-0.14
2029,2029,-0.14
1810,1810,-0.14
1149,1149,-0.14
1665,1665,-0.14
1128,1128,-0.14
175,175,-0.14
8,8,-0.14
871,871,-0.14
1802,1802,-0.15
1046,1046,-0.15
1729,1729,-0.15
554,554,-0.15
439,439,-0.15
1398,1398,-0.15
1083,1083,-0.15
9,9,-0.15
1621,1621,-0.15
1426,1426,-0.15
948,948,-0.15
660,660,-0.15
999,999,-0.15
251,251,-0.15
1491,1491,-0.15
1966,1966,-0.15
714,714,-0.15
949,949,-0.15
1838,1838,-0.15
1660,1660,-0.16
1125,1125,-0.16
492,492,-0.16
454,454,-0.16
1548,1548,-0.16
172,172,-0.16
1996,1996,-0.16
342,342,-0.16
1639,1639,-0.16
1948,1948,-0.16
93,93,-0.16
1460,1460,-0.16
1613,1613,-0.16
403,403,-0.16
222,222,-0.16
380,380,-0.16
1392,1392,-0.16
1024,1024,-0.16
715,715,-0.16
1272,1272,-0.16
1343,1343,-0.16
1739,1739,-0.16
649,649,-0.16
998,998,-0.16
1239,1239,-0.16
1910,1910,-0.16
963,963,-0.16
620,620,-0.16
1283,1283,-0.16
705,705,-0.16
1297,1297,-0.16
1312,1312,-0.16
256,256,-0.17
1240,1240,-0.17
1487,1487,-0.17
937,937,-0.17
279,279,-0.17
130,130,-0.17
126,126,-0.17
1737,1737,-0.17
1257,1257,-0.17
1106,1106,-0.17
1943,1943,-0.17
1226,1226,-0.17
1166,1166,-0.17
448,448,-0.17
1202,1202,-0.17
1619,1619,-0.17
1611,1611,-0.17
514,514,-0.17
1346,1346,-0.17
608,608,-0.17
1925,1925,-0.17
1085,1085,-0.18
7,7,-0.18
737,737,-0.18
1126,1126,-0.18
1633,1633,-0.18
44,44,-0.18
1651,1651,-0.18
1035,1035,-0.18
794,794,-0.18
1599,1599,-0.18
184,184,-0.18
914,914,-0.18
932,932,-0.18
1570,1570,-0.18
1761,1761,-0.18
970,970,-0.18
898,898,-0.18
1378,1378,-0.18
833,833,-0.18
1328,1328,-0.18
1911,1911,-0.18
550,550,-0.19
151,151,-0.19
1592,1592,-0.19
135,135,-0.19
321,321,-0.19
1315,1315,-0.19
1892,1892,-0.19
1655,1655,-0.19
843,843,-0.19
939,939,-0.19
1645,1645,-0.19
1809,1809,-0.19
6,6,-0.19
1733,1733,-0.19
1564,1564,-0.2
60,60,-0.2
1037,1037,-0.2
1483,1483,-0.2
458,458,-0.2
1780,1780,-0.2
1082,1082,-0.2
146,146,-0.2
540,540,-0.2
284,284,-0.2
1425,1425,-0.2
239,239,-0.2
1562,1562,-0.2
479,479,-0.21
673,673,-0.21
753,753,-0.21
1154,1154,-0.21
1616,1616,-0.21
1397,1397,-0.22
496,496,-0.22
1314,1314,-0.22
1500,1500,-0.22
691,691,-0.22
1883,1883,-0.22
610,610,-0.22
298,298,-0.22
519,519,-0.22
426,426,-0.22
1431,1431,-0.22
988,988,-0.22
1942,1942,-0.22
1535,1535,-0.22
344,344,-0.22
900,900,-0.22
227,227,-0.22
1456,1456,-0.23
2043,2043,-0.23
780,780,-0.23
463,463,-0.23
1641,1641,-0.23
1289,1289,-0.23
1557,1557,-0.23
2032,2032,-0.23
1236,1236,-0.23
453,453,-0.23
451,451,-0.23
1593,1593,-0.24
1656,1656,-0.24
1768,1768,-0.24
1714,1714,-0.25
1322,1322,-0.25
1635,1635,-0.25
296,296,-0.26
625,625,-0.26
147,147,-0.27
1585,1585,-0.27
1684,1684,-0.27
207,207,-0.29
343,343,-0.29
1223,1223,-0.35
548,548,-0.37
